{"max": [1.292, 1.28863, 5.11203], "centroid": [0.8250018404934069, 0.6477323037515977, 4.788708149723521], "id": "1007e20d5e811b308351982a6e40cf41", "numVertices": 2351, "min": [0.314125, -0.128302, 3.95689]}
